msgTime,liquidLevelValue,liquidLevel_clean,is_outlier
2025-06-15 00:00:00,1.5,1.5,0.0
2025-06-15 01:00:00,2.947,2.947,0.0
2025-06-15 02:00:00,29.931,5.1,1.0
2025-06-15 03:00:00,29.894,5.1,1.0
2025-06-15 04:00:00,29.953,5.1,1.0
2025-06-15 05:00:00,29.9,5.1,1.0
2025-06-15 06:00:00,30.047,5.1,1.0
2025-06-15 08:00:00,30.0,5.1,1.0
2025-06-15 09:00:00,27.231,18.7,1.0
2025-06-15 10:00:00,30.1,18.7,1.0
2025-06-15 11:00:00,18.762,18.762,0.0
2025-06-15 12:00:00,18.706,18.706,0.0
2025-06-15 13:00:00,18.733,18.733,0.0
2025-06-15 14:00:00,18.771,18.771,0.0
2025-06-15 15:00:00,18.8,18.8,0.0
2025-06-15 16:00:00,18.667,18.667,0.0
2025-06-15 17:00:00,18.625,18.625,0.0
2025-06-15 18:00:00,18.713,18.713,0.0
2025-06-15 19:00:00,18.756,18.756,0.0
2025-06-15 20:00:00,30.1,16.684,1.0
2025-06-15 21:00:00,30.0,16.684,1.0
2025-06-15 22:00:00,29.8,16.684,1.0
2025-06-15 23:00:00,29.8,16.684,1.0
2025-06-16 00:00:00,29.833,16.684,1.0
2025-06-16 01:00:00,29.951,16.684,1.0
2025-06-16 02:00:00,5.3,5.3,0.0
2025-06-16 03:00:00,5.893,5.893,0.0
2025-06-16 04:00:00,5.667,5.667,0.0
2025-06-16 05:00:00,5.876,5.876,0.0
2025-06-16 06:00:00,6.067,6.067,0.0
2025-06-16 07:00:00,6.6,6.6,0.0
2025-06-16 08:00:00,6.747,6.747,0.0
2025-06-16 09:00:00,7.65,7.65,0.0
2025-06-16 10:00:00,7.7,7.7,0.0
2025-06-16 11:00:00,7.607,7.607,0.0
2025-06-16 12:00:00,7.813,7.813,0.0
2025-06-16 13:00:00,7.781,7.781,0.0
2025-06-16 14:00:00,7.753,7.753,0.0
2025-06-16 15:00:00,7.593,7.593,0.0
2025-06-16 16:00:00,7.394,7.394,0.0
2025-06-16 17:00:00,7.4,7.4,0.0
2025-06-16 18:00:00,7.4,7.4,0.0
2025-06-16 19:00:00,7.444,7.444,0.0
2025-06-16 20:00:00,7.325,7.325,0.0
2025-06-16 21:00:00,7.462,7.462,0.0
2025-06-16 22:00:00,7.662,7.662,0.0
2025-06-16 23:00:00,7.619,7.619,0.0
2025-06-17 00:00:00,7.52,7.52,0.0
2025-06-17 01:00:00,7.356,7.356,0.0
2025-06-17 02:00:00,7.3,7.3,0.0
2025-06-17 03:00:00,7.3,7.3,0.0
2025-06-17 04:00:00,7.36,7.36,0.0
2025-06-17 05:00:00,7.376,7.376,0.0
2025-06-17 06:00:00,7.494,7.494,0.0
2025-06-17 07:00:00,7.024,7.024,0.0
2025-06-17 08:00:00,7.012,7.012,0.0
2025-06-17 09:00:00,7.294,7.294,0.0
2025-06-17 10:00:00,7.367,7.367,0.0
2025-06-17 11:00:00,7.453,7.453,0.0
2025-06-17 12:00:00,7.367,7.367,0.0
2025-06-17 13:00:00,7.4,7.4,0.0
2025-06-17 14:00:00,7.4,7.4,0.0
2025-06-17 15:00:00,7.253,7.253,0.0
2025-06-17 16:00:00,7.2,7.2,0.0
2025-06-17 17:00:00,7.1,7.1,0.0
2025-06-17 18:00:00,6.975,6.975,0.0
2025-06-17 19:00:00,6.971,6.971,0.0
2025-06-17 20:00:00,6.85,6.85,0.0
2025-06-17 21:00:00,6.881,6.881,0.0
2025-06-17 22:00:00,6.773,6.773,0.0
2025-06-17 23:00:00,6.74,6.74,0.0
2025-06-18 00:00:00,7.06,7.06,0.0
2025-06-18 09:00:00,7.85,7.85,0.0
2025-06-18 10:00:00,7.8,7.8,0.0
2025-06-18 11:00:00,7.662,7.662,0.0
2025-06-18 12:00:00,7.631,7.631,0.0
2025-06-18 13:00:00,7.388,7.388,0.0
2025-06-18 14:00:00,7.306,7.306,0.0
2025-06-18 15:00:00,7.206,7.206,0.0
2025-06-18 16:00:00,7.433,7.433,0.0
2025-06-18 17:00:00,7.267,7.267,0.0
2025-06-18 18:00:00,7.394,7.394,0.0
2025-06-18 19:00:00,7.413,7.413,0.0
2025-06-18 20:00:00,7.738,7.738,0.0
2025-06-18 21:00:00,7.567,7.567,0.0
2025-06-18 22:00:00,7.6,7.6,0.0
2025-06-18 23:00:00,7.613,7.613,0.0
2025-06-19 00:00:00,7.508,7.508,0.0
2025-06-19 01:00:00,7.5,7.5,0.0
2025-06-19 02:00:00,7.556,7.556,0.0
2025-06-19 03:00:00,7.32,7.32,0.0
2025-06-19 04:00:00,7.438,7.438,0.0
2025-06-19 05:00:00,7.533,7.533,0.0
2025-06-19 07:00:00,7.507,7.507,0.0
2025-06-19 08:00:00,7.2,7.2,0.0
2025-06-19 09:00:00,7.544,7.544,0.0
2025-06-19 10:00:00,7.4,7.4,0.0
2025-06-19 11:00:00,7.4,7.4,0.0
2025-06-19 12:00:00,7.531,7.531,0.0
2025-06-19 13:00:00,7.667,7.667,0.0
2025-06-19 14:00:00,7.713,7.713,0.0
2025-06-19 15:00:00,7.794,7.794,0.0
2025-06-19 16:00:00,7.594,7.594,0.0
2025-06-19 17:00:00,7.619,7.619,0.0
2025-06-19 18:00:00,7.682,7.682,0.0
2025-06-19 19:00:00,7.6,7.6,0.0
2025-06-19 20:00:00,7.607,7.607,0.0
2025-06-19 21:00:00,7.462,7.462,0.0
2025-06-19 22:00:00,7.631,7.631,0.0
2025-06-19 23:00:00,7.533,7.533,0.0
2025-06-20 00:00:00,7.419,7.419,0.0
2025-06-20 01:00:00,7.6,7.6,0.0
2025-06-20 02:00:00,7.9,7.9,0.0
2025-06-20 03:00:00,7.9,7.9,0.0
2025-06-20 04:00:00,7.875,7.875,0.0
2025-06-20 05:00:00,7.812,7.812,0.0
2025-06-20 06:00:00,7.65,7.65,0.0
2025-06-20 07:00:00,7.738,7.738,0.0
2025-06-20 08:00:00,7.68,7.68,0.0
2025-06-20 09:00:00,7.694,7.694,0.0
2025-06-20 10:00:00,7.587,7.587,0.0
2025-06-20 11:00:00,7.392,7.392,0.0
2025-06-20 12:00:00,7.4,7.4,0.0
2025-06-20 13:00:00,7.331,7.331,0.0
2025-06-20 14:00:00,7.653,7.653,0.0
2025-06-20 15:00:00,7.619,7.619,0.0
2025-06-20 16:00:00,7.788,7.788,0.0
2025-06-20 17:00:00,7.65,7.65,0.0
2025-06-20 18:00:00,7.86,7.86,0.0
2025-06-20 19:00:00,7.831,7.831,0.0
2025-06-20 20:00:00,7.8,7.8,0.0
2025-06-20 21:00:00,8.073,8.073,0.0
2025-06-20 22:00:00,7.887,7.887,0.0
2025-06-20 23:00:00,8.112,8.112,0.0
2025-06-21 00:00:00,7.713,7.713,0.0
2025-06-21 01:00:00,8.25,8.25,0.0
2025-06-21 02:00:00,8.213,8.213,0.0
2025-06-21 03:00:00,8.327,8.327,0.0
2025-06-21 04:00:00,8.3,8.3,0.0
2025-06-21 05:00:00,8.344,8.344,0.0
2025-06-21 06:00:00,8.713,8.713,0.0
2025-06-21 07:00:00,8.956,8.956,0.0
2025-06-21 08:00:00,9.212,9.212,0.0
2025-06-21 09:00:00,9.24,9.24,0.0
2025-06-21 10:00:00,9.493,9.493,0.0
2025-06-21 11:00:00,9.9,9.9,0.0
2025-06-21 12:00:00,9.9,9.9,0.0
2025-06-21 13:00:00,10.644,10.644,0.0
2025-06-21 14:00:00,10.694,10.694,0.0
2025-06-21 15:00:00,11.933,11.933,0.0
2025-06-21 16:00:00,12.593,12.593,0.0
2025-06-21 17:00:00,12.6,12.6,0.0
2025-06-21 18:00:00,12.512,12.512,0.0
2025-06-21 20:00:00,12.519,12.519,0.0
2025-06-21 21:00:00,12.35,12.35,0.0
2025-06-21 22:00:00,12.273,12.273,0.0
2025-06-21 23:00:00,12.988,12.988,0.0
2025-06-22 00:00:00,13.027,13.027,0.0
2025-06-22 01:00:00,13.067,13.067,0.0
2025-06-22 02:00:00,13.1,13.1,0.0
2025-06-22 03:00:00,13.3,13.3,0.0
2025-06-22 04:00:00,13.2,13.2,0.0
2025-06-22 05:00:00,13.167,13.167,0.0
2025-06-22 06:00:00,13.353,13.353,0.0
2025-06-22 07:00:00,13.607,13.607,0.0
2025-06-22 08:00:00,13.938,13.938,0.0
2025-06-22 09:00:00,13.787,13.787,0.0
2025-06-22 11:00:00,13.681,13.681,0.0
2025-06-22 12:00:00,13.9,13.9,0.0
2025-06-22 13:00:00,14.175,14.175,0.0
2025-06-22 14:00:00,13.893,13.893,0.0
2025-06-22 15:00:00,13.919,13.919,0.0
2025-06-22 16:00:00,14.044,14.044,0.0
2025-06-22 17:00:00,14.009,14.009,0.0
2025-06-22 18:00:00,14.2,14.2,0.0
2025-06-22 19:00:00,14.18,14.18,0.0
2025-06-22 20:00:00,14.073,14.073,0.0
2025-06-22 21:00:00,14.1,14.1,0.0
2025-06-22 22:00:00,13.96,13.96,0.0
2025-06-22 23:00:00,14.12,14.12,0.0
2025-06-23 00:00:00,12.944,12.944,0.0
2025-06-23 02:00:00,11.293,11.293,0.0
2025-06-23 03:00:00,10.2,10.2,0.0
2025-06-23 04:00:00,10.162,10.162,0.0
2025-06-23 05:00:00,10.733,10.733,0.0
2025-06-23 06:00:00,10.66,10.66,0.0
2025-06-23 07:00:00,10.656,10.656,0.0
2025-06-23 08:00:00,10.869,10.869,0.0
2025-06-23 09:00:00,10.9,10.9,0.0
2025-06-23 10:00:00,11.333,11.333,0.0
2025-06-23 11:00:00,11.513,11.513,0.0
2025-06-23 12:00:00,11.42,11.42,0.0
2025-06-23 13:00:00,11.538,11.538,0.0
2025-06-23 14:00:00,11.5,11.5,0.0
2025-06-23 15:00:00,11.647,11.647,0.0
2025-06-23 17:00:00,11.533,11.533,0.0
2025-06-23 18:00:00,11.593,11.593,0.0
2025-06-23 19:00:00,11.719,11.719,0.0
2025-06-23 20:00:00,11.662,11.662,0.0
2025-06-23 21:00:00,11.707,11.707,0.0
2025-06-23 22:00:00,11.588,11.588,0.0
2025-06-23 23:00:00,11.45,11.45,0.0
2025-06-24 00:00:00,11.6,11.6,0.0
2025-06-24 01:00:00,11.419,11.419,0.0
2025-06-24 02:00:00,11.54,11.54,0.0
2025-06-24 03:00:00,11.767,11.767,0.0
2025-06-24 04:00:00,12.04,12.04,0.0
2025-06-24 05:00:00,12.267,12.267,0.0
2025-06-24 06:00:00,11.987,11.987,0.0
2025-06-24 07:00:00,11.96,11.96,0.0
2025-06-24 08:00:00,11.982,11.982,0.0
2025-06-24 09:00:00,11.9,11.9,0.0
2025-06-24 10:00:00,11.838,11.838,0.0
2025-06-24 11:00:00,12.107,12.107,0.0
2025-06-24 12:00:00,12.162,12.162,0.0
2025-06-24 13:00:00,11.64,11.64,0.0
2025-06-24 14:00:00,11.893,11.893,0.0
2025-06-24 15:00:00,11.687,11.687,0.0
2025-06-24 16:00:00,11.746,11.746,0.0
2025-06-24 17:00:00,11.8,11.8,0.0
2025-06-24 18:00:00,11.588,11.588,0.0
2025-06-24 19:00:00,11.573,11.573,0.0
2025-06-24 20:00:00,11.433,11.433,0.0
2025-06-24 21:00:00,11.413,11.413,0.0
2025-06-24 22:00:00,11.387,11.387,0.0
2025-06-24 23:00:00,11.42,11.42,0.0
2025-06-25 00:00:00,11.6,11.6,0.0
2025-06-25 01:00:00,11.6,11.6,0.0
2025-06-25 02:00:00,11.647,11.647,0.0
2025-06-25 03:00:00,11.727,11.727,0.0
2025-06-25 04:00:00,11.853,11.853,0.0
2025-06-25 05:00:00,11.593,11.593,0.0
2025-06-25 06:00:00,11.481,11.481,0.0
2025-06-25 07:00:00,11.627,11.627,0.0
2025-06-25 08:00:00,11.527,11.527,0.0
2025-06-25 09:00:00,11.346,11.346,0.0
2025-06-25 10:00:00,11.3,11.3,0.0
2025-06-25 11:00:00,11.407,11.407,0.0
2025-06-25 12:00:00,11.525,11.525,0.0
2025-06-25 13:00:00,11.52,11.52,0.0
2025-06-25 14:00:00,11.544,11.544,0.0
2025-06-25 15:00:00,11.725,11.725,0.0
2025-06-25 16:00:00,11.593,11.593,0.0
2025-06-25 17:00:00,11.443,11.443,0.0
2025-06-25 18:00:00,11.4,11.4,0.0
2025-06-25 19:00:00,11.375,11.375,0.0
2025-06-25 20:00:00,11.46,11.46,0.0
2025-06-25 21:00:00,11.627,11.627,0.0
2025-06-25 22:00:00,11.375,11.375,0.0
2025-06-25 23:00:00,11.62,11.62,0.0
2025-06-26 00:00:00,11.319,11.319,0.0
2025-06-26 01:00:00,11.406,11.406,0.0
2025-06-26 02:00:00,11.164,11.164,0.0
2025-06-26 03:00:00,11.3,11.3,0.0
2025-06-26 04:00:00,11.188,11.188,0.0
2025-06-26 05:00:00,11.213,11.213,0.0
2025-06-26 06:00:00,11.294,11.294,0.0
2025-06-26 07:00:00,12.2,12.2,0.0
2025-06-26 08:00:00,12.253,12.253,0.0
2025-06-26 09:00:00,12.119,12.119,0.0
2025-06-26 10:00:00,12.581,12.581,0.0
2025-06-26 11:00:00,12.54,12.54,0.0
2025-06-26 12:00:00,12.483,12.483,0.0
2025-06-26 13:00:00,12.5,12.5,0.0
2025-06-26 14:00:00,12.813,12.813,0.0
2025-06-26 15:00:00,13.107,13.107,0.0
2025-06-26 16:00:00,12.66,12.66,0.0
2025-06-26 17:00:00,13.073,13.073,0.0
2025-06-26 18:00:00,13.169,13.169,0.0
2025-06-26 19:00:00,13.013,13.013,0.0
2025-06-26 20:00:00,13.307,13.307,0.0
2025-06-26 21:00:00,13.4,13.4,0.0
2025-06-26 22:00:00,13.047,13.047,0.0
2025-06-26 23:00:00,13.381,13.381,0.0
2025-06-27 00:00:00,13.727,13.727,0.0
2025-06-27 01:00:00,13.05,13.05,0.0
2025-06-27 02:00:00,14.013,14.013,0.0
2025-06-27 03:00:00,14.72,14.72,0.0
2025-06-27 04:00:00,14.467,14.467,0.0
2025-06-27 05:00:00,14.379,14.379,0.0
2025-06-27 06:00:00,14.6,14.6,0.0
2025-06-27 07:00:00,14.55,14.55,0.0
2025-06-27 08:00:00,14.325,14.325,0.0
2025-06-27 09:00:00,14.306,14.306,0.0
2025-06-27 10:00:00,14.175,14.175,0.0
2025-06-27 11:00:00,14.18,14.18,0.0
2025-06-27 12:00:00,14.406,14.406,0.0
2025-06-27 13:00:00,14.457,14.457,0.0
2025-06-27 14:00:00,14.5,14.5,0.0
2025-06-27 15:00:00,14.712,14.712,0.0
2025-06-27 16:00:00,14.68,14.68,0.0
2025-06-27 17:00:00,14.644,14.644,0.0
2025-06-27 18:00:00,14.688,14.688,0.0
2025-06-27 19:00:00,14.993,14.993,0.0
2025-06-27 20:00:00,14.862,14.862,0.0
2025-06-27 21:00:00,14.992,14.992,0.0
2025-06-27 22:00:00,15.0,15.0,0.0
2025-06-27 23:00:00,14.944,14.944,0.0
2025-06-28 00:00:00,15.487,15.487,0.0
2025-06-28 01:00:00,15.256,15.256,0.0
2025-06-28 02:00:00,15.119,15.119,0.0
2025-06-28 03:00:00,15.107,15.107,0.0
2025-06-28 04:00:00,15.269,15.269,0.0
2025-06-28 05:00:00,15.147,15.147,0.0
2025-06-28 06:00:00,15.32,15.32,0.0
2025-06-28 08:00:00,15.369,15.369,0.0
2025-06-28 09:00:00,15.088,15.088,0.0
2025-06-28 10:00:00,14.919,14.919,0.0
2025-06-28 11:00:00,15.019,15.019,0.0
2025-06-28 12:00:00,15.06,15.06,0.0
2025-06-28 13:00:00,15.044,15.044,0.0
2025-06-28 14:00:00,15.306,15.306,0.0
2025-06-28 15:00:00,15.256,15.256,0.0
2025-06-28 17:00:00,15.027,15.027,0.0
2025-06-28 18:00:00,15.187,15.187,0.0
2025-06-28 19:00:00,15.287,15.287,0.0
2025-06-28 20:00:00,15.133,15.133,0.0
2025-06-28 21:00:00,15.069,15.069,0.0
2025-06-28 22:00:00,15.219,15.219,0.0
2025-06-28 23:00:00,14.86,14.86,0.0
2025-06-29 01:00:00,14.7,14.7,0.0
2025-06-29 02:00:00,15.187,15.187,0.0
2025-06-29 03:00:00,15.388,15.388,0.0
2025-06-29 04:00:00,15.04,15.04,0.0
2025-06-29 05:00:00,14.856,14.856,0.0
2025-06-29 06:00:00,14.553,14.553,0.0
2025-06-29 07:00:00,14.867,14.867,0.0
2025-06-29 08:00:00,14.68,14.68,0.0
2025-06-29 09:00:00,15.007,15.007,0.0
2025-06-29 11:00:00,15.106,15.106,0.0
2025-06-29 12:00:00,14.813,14.813,0.0
2025-06-29 13:00:00,15.019,15.019,0.0
2025-06-29 14:00:00,15.125,15.125,0.0
2025-06-29 15:00:00,15.047,15.047,0.0
2025-06-29 16:00:00,14.967,14.967,0.0
2025-06-29 17:00:00,14.733,14.733,0.0
2025-06-29 18:00:00,14.692,14.692,0.0
2025-06-29 19:00:00,14.6,14.6,0.0
2025-06-29 20:00:00,14.687,14.687,0.0
2025-06-29 21:00:00,14.575,14.575,0.0
2025-06-29 22:00:00,14.493,14.493,0.0
2025-06-29 23:00:00,14.538,14.538,0.0
2025-06-30 00:00:00,14.58,14.58,0.0
2025-06-30 01:00:00,14.5,14.5,0.0
2025-06-30 02:00:00,14.787,14.787,0.0
2025-06-30 04:00:00,14.625,14.625,0.0
2025-06-30 05:00:00,14.647,14.647,0.0
2025-06-30 06:00:00,14.581,14.581,0.0
2025-06-30 07:00:00,14.606,14.606,0.0
2025-06-30 08:00:00,13.838,13.838,0.0
2025-06-30 09:00:00,13.92,13.92,0.0
2025-06-30 10:00:00,14.307,14.307,0.0
2025-06-30 11:00:00,14.367,14.367,0.0
2025-06-30 12:00:00,14.557,14.557,0.0
2025-06-30 13:00:00,14.4,14.4,0.0
2025-06-30 14:00:00,14.613,14.613,0.0
2025-06-30 15:00:00,14.606,14.606,0.0
2025-06-30 16:00:00,14.694,14.694,0.0
2025-06-30 17:00:00,14.681,14.681,0.0
2025-06-30 18:00:00,14.54,14.54,0.0
2025-06-30 19:00:00,14.656,14.656,0.0
2025-06-30 20:00:00,14.38,14.38,0.0
2025-06-30 21:00:00,14.5,14.5,0.0
2025-06-30 22:00:00,14.16,14.16,0.0
2025-06-30 23:00:00,13.867,13.867,0.0
2025-07-01 00:00:00,13.7,13.7,0.0
2025-07-01 01:00:00,13.944,13.944,0.0
2025-07-01 02:00:00,14.047,14.047,0.0
2025-07-01 03:00:00,14.45,14.45,0.0
2025-07-01 04:00:00,14.213,14.213,0.0
2025-07-01 05:00:00,14.219,14.219,0.0
2025-07-01 06:00:00,14.1,14.1,0.0
2025-07-01 08:00:00,13.76,13.76,0.0
2025-07-01 09:00:00,13.931,13.931,0.0
2025-07-01 10:00:00,14.237,14.237,0.0
2025-07-01 11:00:00,14.25,14.25,0.0
2025-07-01 12:00:00,14.327,14.327,0.0
2025-07-01 13:00:00,14.25,14.25,0.0
2025-07-01 14:00:00,14.067,14.067,0.0
2025-07-01 15:00:00,14.05,14.05,0.0
2025-07-01 16:00:00,13.85,13.85,0.0
2025-07-01 17:00:00,13.9,13.9,0.0
2025-07-01 18:00:00,13.9,13.9,0.0
2025-07-01 19:00:00,13.8,13.8,0.0
2025-07-01 20:00:00,13.773,13.773,0.0
2025-07-01 21:00:00,13.881,13.881,0.0
2025-07-01 22:00:00,13.733,13.733,0.0
2025-07-01 23:00:00,13.653,13.653,0.0
2025-07-02 00:00:00,13.869,13.869,0.0
2025-07-02 01:00:00,13.85,13.85,0.0
2025-07-02 02:00:00,13.9,13.9,0.0
2025-07-02 03:00:00,14.069,14.069,0.0
2025-07-02 04:00:00,13.712,13.712,0.0
2025-07-02 05:00:00,13.367,13.367,0.0
2025-07-02 06:00:00,13.438,13.438,0.0
2025-07-02 07:00:00,13.413,13.413,0.0
2025-07-02 08:00:00,13.862,13.862,0.0
2025-07-02 09:00:00,13.975,13.975,0.0
2025-07-02 10:00:00,13.469,13.469,0.0
2025-07-02 11:00:00,13.833,13.833,0.0
2025-07-02 12:00:00,13.9,13.9,0.0
2025-07-02 13:00:00,13.981,13.981,0.0
2025-07-02 14:00:00,14.244,14.244,0.0
2025-07-02 15:00:00,14.507,14.507,0.0
2025-07-02 16:00:00,14.662,14.662,0.0
2025-07-02 17:00:00,14.567,14.567,0.0
2025-07-02 18:00:00,14.447,14.447,0.0
2025-07-02 19:00:00,14.462,14.462,0.0
2025-07-02 20:00:00,14.567,14.567,0.0
2025-07-02 21:00:00,14.5,14.5,0.0
2025-07-03 08:00:00,14.056,14.056,0.0
2025-07-03 09:00:00,14.335,14.335,0.0
2025-07-03 10:00:00,14.347,14.347,0.0
2025-07-03 11:00:00,14.027,14.027,0.0
2025-07-03 12:00:00,13.987,13.987,0.0
2025-07-03 13:00:00,14.027,14.027,0.0
2025-07-03 14:00:00,13.938,13.938,0.0
2025-07-03 15:00:00,13.987,13.987,0.0
2025-07-03 16:00:00,14.081,14.081,0.0
2025-07-03 17:00:00,13.973,13.973,0.0
2025-07-03 18:00:00,14.027,14.027,0.0
2025-07-03 19:00:00,13.9,13.9,0.0
2025-07-03 20:00:00,13.853,13.853,0.0
2025-07-03 21:00:00,14.044,14.044,0.0
2025-07-03 22:00:00,13.95,13.95,0.0
2025-07-03 23:00:00,13.544,13.544,0.0
2025-07-04 00:00:00,12.944,12.944,0.0
2025-07-04 01:00:00,12.797,12.797,0.0
2025-07-04 02:00:00,12.5,12.5,0.0
2025-07-04 03:00:00,12.187,12.187,0.0
2025-07-04 04:00:00,11.8,11.8,0.0
2025-07-04 05:00:00,11.7,11.7,0.0
2025-07-04 06:00:00,11.8,11.8,0.0
2025-07-04 07:00:00,11.817,11.817,0.0
2025-07-04 08:00:00,11.862,11.862,0.0
2025-07-04 09:00:00,11.438,11.438,0.0
2025-07-04 10:00:00,11.34,11.34,0.0
2025-07-04 11:00:00,11.494,11.494,0.0
2025-07-04 12:00:00,11.444,11.444,0.0
2025-07-04 13:00:00,11.381,11.381,0.0
2025-07-04 14:00:00,11.206,11.206,0.0
2025-07-04 15:00:00,11.25,11.25,0.0
2025-07-04 17:00:00,11.3,11.3,0.0
2025-07-04 18:00:00,11.338,11.338,0.0
2025-07-04 19:00:00,11.54,11.54,0.0
2025-07-04 20:00:00,11.673,11.673,0.0
2025-07-04 21:00:00,11.587,11.587,0.0
2025-07-04 22:00:00,11.656,11.656,0.0
2025-07-04 23:00:00,11.72,11.72,0.0
2025-07-05 00:00:00,11.706,11.706,0.0
2025-07-05 01:00:00,11.683,11.683,0.0
2025-07-05 02:00:00,11.6,11.6,0.0
2025-07-05 03:00:00,11.3,11.3,0.0
2025-07-05 04:00:00,11.1,11.1,0.0
2025-07-05 05:00:00,11.512,11.512,0.0
2025-07-05 06:00:00,11.4,11.4,0.0
2025-07-05 07:00:00,10.94,10.94,0.0
2025-07-05 08:00:00,10.973,10.973,0.0
2025-07-05 09:00:00,11.331,11.331,0.0
2025-07-05 10:00:00,11.253,11.253,0.0
2025-07-05 11:00:00,11.15,11.15,0.0
2025-07-05 12:00:00,11.05,11.05,0.0
2025-07-05 13:00:00,11.173,11.173,0.0
2025-07-05 14:00:00,11.175,11.175,0.0
2025-07-05 15:00:00,10.956,10.956,0.0
2025-07-05 16:00:00,10.907,10.907,0.0
2025-07-05 17:00:00,10.981,10.981,0.0
2025-07-05 18:00:00,10.913,10.913,0.0
2025-07-05 19:00:00,10.82,10.82,0.0
2025-07-05 20:00:00,10.675,10.675,0.0
2025-07-05 22:00:00,10.733,10.733,0.0
2025-07-05 23:00:00,10.7,10.7,0.0
2025-07-06 00:00:00,10.806,10.806,0.0
2025-07-06 01:00:00,10.962,10.962,0.0
2025-07-06 02:00:00,10.967,10.967,0.0
2025-07-06 03:00:00,10.947,10.947,0.0
2025-07-06 04:00:00,10.662,10.662,0.0
2025-07-06 05:00:00,10.488,10.488,0.0
2025-07-06 06:00:00,10.475,10.475,0.0
2025-07-06 07:00:00,10.45,10.45,0.0
2025-07-06 08:00:00,10.5,10.5,0.0
2025-07-06 09:00:00,10.447,10.447,0.0
2025-07-06 10:00:00,10.633,10.633,0.0
2025-07-06 11:00:00,10.927,10.927,0.0
2025-07-06 12:00:00,10.925,10.925,0.0
2025-07-06 13:00:00,10.794,10.794,0.0
2025-07-06 14:00:00,10.707,10.707,0.0
2025-07-06 15:00:00,10.831,10.831,0.0
2025-07-06 16:00:00,11.156,11.156,0.0
2025-07-06 18:00:00,11.106,11.106,0.0
2025-07-06 19:00:00,10.656,10.656,0.0
2025-07-06 20:00:00,10.731,10.731,0.0
2025-07-06 21:00:00,10.894,10.894,0.0
2025-07-06 22:00:00,11.2,11.2,0.0
2025-07-06 23:00:00,11.453,11.453,0.0
2025-07-07 00:00:00,11.481,11.481,0.0
2025-07-07 01:00:00,11.394,11.394,0.0
2025-07-07 02:00:00,11.477,11.477,0.0
2025-07-07 03:00:00,11.4,11.4,0.0
2025-07-07 04:00:00,11.412,11.412,0.0
2025-07-07 05:00:00,11.42,11.42,0.0
2025-07-07 06:00:00,10.9,10.9,0.0
2025-07-07 07:00:00,10.927,10.927,0.0
2025-07-07 08:00:00,11.094,11.094,0.0
2025-07-07 09:00:00,10.756,10.756,0.0
2025-07-07 10:00:00,9.5,9.5,0.0
2025-07-07 11:00:00,8.04,8.04,0.0
2025-07-07 12:00:00,7.1,7.1,0.0
2025-07-07 13:00:00,7.1,7.1,0.0
2025-07-07 14:00:00,6.427,6.427,0.0
2025-07-07 15:00:00,5.873,5.873,0.0
2025-07-07 16:00:00,5.288,5.288,0.0
2025-07-07 17:00:00,3.819,3.819,0.0
2025-07-07 18:00:00,3.727,3.727,0.0
2025-07-07 19:00:00,3.075,3.075,0.0
2025-07-07 20:00:00,2.738,2.738,0.0
2025-07-07 22:00:00,2.5,2.5,0.0
2025-07-07 23:00:00,2.273,2.273,0.0
2025-07-08 00:00:00,2.219,2.219,0.0
2025-07-08 01:00:00,2.0,2.0,0.0
2025-07-08 02:00:00,1.7,1.7,0.0
2025-07-08 03:00:00,1.688,1.688,0.0
2025-07-08 04:00:00,1.687,1.687,0.0
2025-07-08 05:00:00,1.738,1.738,0.0
2025-07-08 06:00:00,1.875,1.875,0.0
2025-07-08 07:00:00,1.8,1.8,0.0
2025-07-08 08:00:00,1.7,1.7,0.0
2025-07-08 09:00:00,26.787,1.998,1.0
2025-07-08 10:00:00,26.525,1.998,1.0
2025-07-08 11:00:00,26.28,1.998,1.0
2025-07-08 12:00:00,26.325,1.998,1.0
2025-07-08 13:00:00,26.447,1.998,1.0
2025-07-08 14:00:00,3.447,3.447,0.0
2025-07-08 15:00:00,3.4,3.4,0.0
2025-07-08 16:00:00,3.627,3.627,0.0
2025-07-08 17:00:00,3.331,3.331,0.0
2025-07-08 18:00:00,3.081,3.081,0.0
2025-07-08 19:00:00,3.044,3.044,0.0
2025-07-08 20:00:00,3.0,3.0,0.0
2025-07-08 21:00:00,3.0,3.0,0.0
2025-07-08 22:00:00,2.921,2.921,0.0
2025-07-08 23:00:00,2.9,2.9,0.0
2025-07-09 00:00:00,3.888,3.888,0.0
2025-07-09 01:00:00,4.747,4.747,0.0
2025-07-09 02:00:00,4.875,4.875,0.0
2025-07-09 03:00:00,4.707,4.707,0.0
2025-07-09 04:00:00,4.015,4.015,0.0
2025-07-09 05:00:00,5.338,5.338,0.0
2025-07-09 06:00:00,5.787,5.787,0.0
2025-07-09 07:00:00,5.706,5.706,0.0
2025-07-09 09:00:00,5.453,5.453,0.0
2025-07-09 10:00:00,5.113,5.113,0.0
2025-07-09 11:00:00,4.887,4.887,0.0
2025-07-09 12:00:00,4.875,4.875,0.0
2025-07-09 13:00:00,4.638,4.638,0.0
2025-07-09 14:00:00,26.587,4.446,1.0
2025-07-09 15:00:00,26.456,4.445,1.0
2025-07-09 16:00:00,3.886,3.886,0.0
2025-07-09 17:00:00,3.9,3.9,0.0
2025-07-09 18:00:00,3.444,3.444,0.0
2025-07-09 19:00:00,3.24,3.24,0.0
2025-07-09 20:00:00,3.36,3.36,0.0
2025-07-09 21:00:00,26.331,3.515,1.0
2025-07-09 22:00:00,26.444,3.515,1.0
2025-07-09 23:00:00,26.447,3.515,1.0
2025-07-10 00:00:00,26.787,3.515,1.0
2025-07-10 02:00:00,26.8,3.515,1.0
2025-07-10 03:00:00,26.725,3.515,1.0
2025-07-10 04:00:00,26.894,3.515,1.0
2025-07-10 05:00:00,5.1,5.1,0.0
2025-07-10 06:00:00,5.05,5.05,0.0
2025-07-10 07:00:00,5.147,5.147,0.0
2025-07-10 08:00:00,5.207,5.207,0.0
2025-07-10 09:00:00,5.4,5.4,0.0
2025-07-10 11:00:00,5.488,5.488,0.0
2025-07-10 12:00:00,5.644,5.644,0.0
2025-07-10 13:00:00,5.767,5.767,0.0
2025-07-10 14:00:00,5.693,5.693,0.0
2025-07-10 15:00:00,26.506,5.647,1.0
2025-07-10 16:00:00,26.54,5.647,1.0
2025-07-10 17:00:00,26.413,5.647,1.0
2025-07-10 18:00:00,26.492,5.647,1.0
2025-07-10 19:00:00,26.347,5.647,1.0
2025-07-10 20:00:00,26.2,5.647,1.0
2025-07-10 21:00:00,26.208,5.647,1.0
2025-07-10 22:00:00,26.569,5.647,1.0
2025-07-10 23:00:00,26.75,5.647,1.0
2025-07-11 00:00:00,26.612,5.647,1.0
2025-07-11 01:00:00,26.65,5.647,1.0
2025-07-11 02:00:00,26.785,5.647,1.0
2025-07-11 03:00:00,26.904,5.647,1.0
2025-07-11 04:00:00,26.773,5.647,1.0
2025-07-11 05:00:00,26.65,5.647,1.0
2025-07-11 06:00:00,26.688,5.647,1.0
2025-07-11 07:00:00,26.623,5.647,1.0
2025-07-11 08:00:00,26.758,5.647,1.0
2025-07-11 09:00:00,26.7,5.647,1.0
2025-07-11 10:00:00,26.512,5.647,1.0
2025-07-11 11:00:00,26.535,5.647,1.0
2025-07-11 12:00:00,26.492,5.647,1.0
2025-07-11 13:00:00,26.474,5.647,1.0
2025-07-11 14:00:00,26.352,5.647,1.0
2025-07-11 15:00:00,26.44,5.647,1.0
2025-07-11 16:00:00,26.313,5.647,1.0
2025-07-11 17:00:00,26.204,5.647,1.0
2025-07-11 18:00:00,26.33,5.647,1.0
2025-07-11 19:00:00,26.188,5.647,1.0
2025-07-11 20:00:00,26.215,5.647,1.0
2025-07-11 21:00:00,26.192,5.647,1.0
2025-07-11 22:00:00,26.327,5.647,1.0
2025-07-11 23:00:00,26.496,5.647,1.0
2025-07-12 00:00:00,26.777,5.647,1.0
2025-07-12 01:00:00,26.617,5.647,1.0
2025-07-12 02:00:00,26.812,5.647,1.0
2025-07-12 03:00:00,26.904,5.647,1.0
2025-07-12 04:00:00,26.864,5.647,1.0
2025-07-12 05:00:00,26.696,5.647,1.0
2025-07-12 06:00:00,26.736,5.647,1.0
2025-07-12 07:00:00,26.746,5.647,1.0
2025-07-12 08:00:00,26.731,5.647,1.0
2025-07-12 09:00:00,26.719,5.647,1.0
2025-07-12 10:00:00,26.616,5.647,1.0
2025-07-12 11:00:00,26.615,5.647,1.0
2025-07-12 12:00:00,26.596,5.647,1.0
2025-07-12 13:00:00,26.542,5.647,1.0
2025-07-12 14:00:00,26.438,5.647,1.0
2025-07-12 15:00:00,26.369,5.647,1.0
2025-07-13 20:00:00,1.777,1.777,0.0
2025-07-13 21:00:00,1.786,1.786,0.0
2025-07-13 22:00:00,1.84,1.84,0.0
2025-07-13 23:00:00,1.835,1.835,0.0
2025-07-14 00:00:00,1.719,1.719,0.0
2025-07-14 01:00:00,1.983,1.983,0.0
2025-07-14 02:00:00,1.9,1.9,0.0
2025-07-14 03:00:00,1.816,1.816,0.0
2025-07-14 04:00:00,1.836,1.836,0.0
2025-07-14 05:00:00,1.789,1.789,0.0
2025-07-14 06:00:00,1.739,1.739,0.0
2025-07-14 07:00:00,8.16,7.992,1.0
2025-07-14 08:00:00,8.719,8.719,0.0
2025-07-14 09:00:00,9.335,9.335,0.0
2025-07-14 10:00:00,9.415,9.329,1.0
2025-07-14 11:00:00,9.403,9.403,0.0
2025-07-14 12:00:00,8.082,8.082,0.0
2025-07-14 13:00:00,7.688,7.688,0.0
2025-07-14 14:00:00,8.1,8.1,0.0
2025-07-14 15:00:00,8.012,8.012,0.0
2025-07-14 16:00:00,7.769,7.769,0.0
2025-07-14 17:00:00,7.682,7.682,0.0
2025-07-14 19:00:00,7.813,7.813,0.0
2025-07-14 20:00:00,8.356,8.356,0.0
2025-07-14 21:00:00,9.069,9.069,0.0
2025-07-14 22:00:00,9.501,9.501,0.0
2025-07-14 23:00:00,10.269,10.269,0.0
2025-07-15 00:00:00,10.979,10.979,0.0
2025-07-15 01:00:00,11.057,11.057,0.0
2025-07-15 02:00:00,11.1,11.1,0.0
2025-07-15 03:00:00,11.25,11.25,0.0
2025-07-15 04:00:00,11.325,11.325,0.0
2025-07-15 05:00:00,11.393,11.393,0.0
2025-07-15 06:00:00,11.55,11.55,0.0
2025-07-15 07:00:00,11.553,11.553,0.0
2025-07-15 08:00:00,11.138,11.138,0.0
2025-07-15 09:00:00,10.947,10.947,0.0
2025-07-15 10:00:00,11.038,11.038,0.0
2025-07-15 11:00:00,10.943,10.943,0.0
2025-07-15 12:00:00,11.1,11.1,0.0
2025-07-15 13:00:00,11.256,11.256,0.0
2025-07-15 14:00:00,11.32,11.32,0.0
2025-07-15 15:00:00,11.25,11.25,0.0
2025-07-15 16:00:00,11.32,11.32,0.0
2025-07-15 17:00:00,11.269,11.269,0.0
2025-07-15 18:00:00,11.225,11.225,0.0
2025-07-15 19:00:00,11.36,11.36,0.0
2025-07-15 20:00:00,11.164,11.164,0.0
2025-07-15 21:00:00,11.3,11.3,0.0
2025-07-15 22:00:00,11.307,11.307,0.0
2025-07-15 23:00:00,11.281,11.281,0.0
2025-07-16 00:00:00,11.244,11.244,0.0
2025-07-16 01:00:00,11.1,10.905,1.0
2025-07-16 02:00:00,11.199,11.023,1.0
2025-07-16 03:00:00,11.369,11.369,0.0
2025-07-16 04:00:00,11.376,11.301,1.0
2025-07-16 05:00:00,10.783,10.783,0.0
2025-07-16 06:00:00,10.977,10.808,1.0
2025-07-16 07:00:00,11.328,11.171,1.0
2025-07-16 08:00:00,11.122,10.958,1.0
2025-07-16 09:00:00,10.876,10.788,1.0
2025-07-16 10:00:00,10.727,10.727,0.0
2025-07-16 11:00:00,10.737,10.737,0.0
2025-07-16 12:00:00,10.707,10.707,0.0
2025-07-16 13:00:00,10.74,10.74,0.0
2025-07-16 14:00:00,10.747,10.747,0.0
2025-07-16 15:00:00,11.073,11.073,0.0
2025-07-16 16:00:00,11.688,11.688,0.0
2025-07-16 17:00:00,12.488,12.488,0.0
2025-07-16 18:00:00,12.414,12.414,0.0
2025-07-16 19:00:00,12.531,12.531,0.0
2025-07-16 20:00:00,12.409,12.409,0.0
2025-07-16 21:00:00,12.46,12.46,0.0
2025-07-16 22:00:00,12.282,12.282,0.0
2025-07-16 23:00:00,12.35,12.35,0.0
2025-07-17 00:00:00,12.538,12.538,0.0
2025-07-17 01:00:00,11.953,11.953,0.0
2025-07-17 02:00:00,12.0,12.0,0.0
2025-07-17 03:00:00,12.775,12.775,0.0
2025-07-17 04:00:00,12.725,12.725,0.0
2025-07-17 05:00:00,11.906,11.906,0.0
2025-07-17 06:00:00,11.367,11.367,0.0
2025-07-17 07:00:00,12.031,12.031,0.0
2025-07-17 08:00:00,12.519,12.519,0.0
2025-07-17 09:00:00,12.138,12.138,0.0
2025-07-17 10:00:00,11.84,11.84,0.0
2025-07-17 11:00:00,11.823,11.823,0.0
2025-07-17 12:00:00,11.8,11.8,0.0
2025-07-17 13:00:00,11.688,11.688,0.0
2025-07-17 14:00:00,11.8,11.8,0.0
2025-07-17 15:00:00,12.207,12.207,0.0
2025-07-17 16:00:00,12.3,12.3,0.0
2025-07-17 17:00:00,12.244,12.244,0.0
2025-07-17 18:00:00,12.173,12.173,0.0
2025-07-17 19:00:00,12.087,12.087,0.0
2025-07-17 21:00:00,12.147,12.147,0.0
2025-07-17 22:00:00,12.106,12.106,0.0
2025-07-17 23:00:00,12.127,12.127,0.0
2025-07-18 00:00:00,11.529,11.529,0.0
2025-07-18 01:00:00,11.22,11.22,0.0
2025-07-18 02:00:00,11.343,11.343,0.0
2025-07-18 03:00:00,12.288,12.288,0.0
2025-07-18 04:00:00,12.225,12.225,0.0
2025-07-18 05:00:00,10.965,10.965,0.0
2025-07-18 06:00:00,10.947,10.947,0.0
2025-07-18 07:00:00,11.865,11.865,0.0
2025-07-18 08:00:00,12.0,12.0,0.0
2025-07-18 09:00:00,11.588,11.588,0.0
2025-07-18 10:00:00,11.2,11.2,0.0
2025-07-18 11:00:00,11.1,11.1,0.0
2025-07-18 12:00:00,11.062,11.062,0.0
2025-07-18 13:00:00,11.187,11.187,0.0
2025-07-18 14:00:00,11.227,11.227,0.0
2025-07-18 15:00:00,10.931,10.931,0.0
2025-07-18 16:00:00,11.05,11.05,0.0
2025-07-18 17:00:00,11.006,11.006,0.0
2025-07-18 18:00:00,10.986,10.986,0.0
2025-07-18 19:00:00,11.0,11.0,0.0
2025-07-18 20:00:00,11.038,11.038,0.0
2025-07-18 21:00:00,11.04,11.04,0.0
2025-07-18 22:00:00,10.981,10.981,0.0
2025-07-18 23:00:00,10.644,10.644,0.0
2025-07-19 00:00:00,11.26,11.26,0.0
2025-07-19 01:00:00,11.8,11.8,0.0
2025-07-19 02:00:00,11.681,11.681,0.0
2025-07-19 03:00:00,10.817,10.817,0.0
2025-07-19 04:00:00,10.8,10.8,0.0
2025-07-19 05:00:00,10.794,10.794,0.0
2025-07-19 06:00:00,11.444,11.444,0.0
2025-07-19 07:00:00,10.831,10.831,0.0
2025-07-19 08:00:00,10.347,10.347,0.0
2025-07-19 09:00:00,10.862,10.862,0.0
2025-07-19 10:00:00,11.119,11.119,0.0
2025-07-19 11:00:00,10.727,10.727,0.0
2025-07-19 12:00:00,10.313,10.313,0.0
2025-07-19 14:00:00,10.167,10.167,0.0
2025-07-19 15:00:00,10.094,10.094,0.0
2025-07-19 16:00:00,10.06,10.06,0.0
2025-07-19 17:00:00,10.375,10.375,0.0
2025-07-19 18:00:00,10.547,10.547,0.0
2025-07-19 19:00:00,10.653,10.653,0.0
2025-07-19 20:00:00,10.593,10.593,0.0
2025-07-19 22:00:00,10.593,10.593,0.0
2025-07-19 23:00:00,9.988,9.988,0.0
2025-07-20 00:00:00,9.894,9.894,0.0
2025-07-20 01:00:00,10.319,10.319,0.0
2025-07-20 02:00:00,9.9,9.9,0.0
2025-07-20 03:00:00,9.712,9.712,0.0
2025-07-20 04:00:00,10.106,10.106,0.0
2025-07-20 05:00:00,9.567,9.567,0.0
2025-07-20 06:00:00,10.262,10.262,0.0
2025-07-20 07:00:00,10.2,10.2,0.0
2025-07-20 08:00:00,9.475,9.475,0.0
2025-07-20 09:00:00,10.069,10.069,0.0
2025-07-20 10:00:00,9.756,9.756,0.0
2025-07-20 11:00:00,9.433,9.433,0.0
2025-07-20 12:00:00,9.293,9.293,0.0
2025-07-20 13:00:00,9.219,9.219,0.0
2025-07-20 14:00:00,9.675,9.675,0.0
2025-07-20 15:00:00,9.521,9.521,0.0
2025-07-20 16:00:00,9.4,9.4,0.0
2025-07-20 17:00:00,9.48,9.48,0.0
2025-07-20 18:00:00,9.338,9.338,0.0
2025-07-20 19:00:00,9.28,9.28,0.0
2025-07-20 20:00:00,9.35,9.35,0.0
2025-07-20 21:00:00,9.619,9.619,0.0
2025-07-20 22:00:00,10.225,10.225,0.0
2025-07-20 23:00:00,9.788,9.788,0.0
